date,total_generation_gwh,renewable_generation_gwh,renewable_share_pct,year,month,yoy_growth_pct
2012-07-01,9364.441048,3306.81795,35.31249684898438,2012,7,
2012-08-01,9422.351018,3739.26169,39.6850179202271,2012,8,
2012-09-01,8337.67393,3623.871999,43.463824915973895,2012,9,
2012-10-01,7906.628593,3098.476582,39.188341093233895,2012,10,
2012-11-01,6907.884537,2614.1913680000002,37.843588062276844,2012,11,
2012-12-01,6438.398008,1656.107188,25.7223487262237,2012,12,
2013-01-01,6170.577834000001,1101.918145,17.857616817154632,2013,1,
2013-02-01,5408.484095,1612.296965,29.810515047839854,2013,2,
2013-03-01,6190.101963,1558.740763,25.1811807352615,2013,3,
2013-04-01,6265.2,1873.03,29.89577347889932,2013,4,
2013-05-01,7404.03,2418.34,32.66248245887713,2013,5,
2013-06-01,8451.42,3462.28,40.966843441693825,2013,6,
2013-07-01,9894.35,3989.7799999999997,40.323821170668104,2013,7,5.658735521787217
2013-08-01,9739.34,4004.1200000000003,41.11284748247828,2013,8,3.3642238693341042
2013-09-01,9378.86,4165.5,44.41371339373868,2013,9,12.487728336960767
2013-10-01,8424.78,2997.61,35.580869767519154,2013,10,6.55337987494109
2013-11-01,6820.41,2521.37,36.96801218695064,2013,11,-1.2662999291819244
2013-12-01,6943.29,1932.84,27.837523709941543,2013,12,7.841888484878523
2014-01-01,6398.5599999999995,886.1899999999999,13.849834962866645,2014,1,3.6946647807246213
2014-02-01,6009.2,2021.5,33.640085202689214,2014,2,11.106918213096817
2014-03-01,6531.24,1619.27,24.792688677800847,2014,3,5.51102452009804
2014-04-01,7061.84,1911.3300000000002,27.065608963103106,2014,4,12.715316350635252
2014-05-01,8494.24,2962.9100000000003,34.88140198534537,2014,5,14.7245486579606
2014-06-01,9451.57,3489.56,36.92042697668218,2014,6,11.83410598455643
2014-07-01,10353.0,3838.4700000000003,37.07592002318169,2014,7,4.635473780490873
2014-08-01,10340.720000000001,4320.14,41.777941961488175,2014,8,6.174751061160211
2014-09-01,9125.65,3564.03,39.05508100792821,2014,9,-2.6997950710427543
2014-10-01,8326.36,3214.25,38.60330324415471,2014,10,-1.1682204164381704
2014-11-01,6655.94,2905.7599999999998,43.65664353945498,2014,11,-2.4114386085294037
2014-12-01,6784.72,1937.38,28.555047223761633,2014,12,-2.28378765686007
2015-01-01,6186.42,842.84,13.624034578964894,2015,1,-3.315433472531315
2015-02-01,5859.07,1993.99,34.03253417351218,2015,2,-2.498335884976366
2015-03-01,6541.099999999999,1397.45,21.364143645564205,2015,3,0.1509667383222668
2015-04-01,7341.5199999999995,1525.29,20.776215279669604,2015,4,3.9604409049199596
2015-05-01,9578.357,3479.171,36.32325460410381,2015,5,12.762966433724499
2015-06-01,9917.82,4025.7,40.59057333163941,2015,6,4.933042870126347
2015-07-01,10627.2,4666.6,43.91184884071063,2015,7,2.6485076789336537
2015-08-01,10519.26,4525.360000000001,43.01975614254235,2015,8,1.7265722309471654
2015-09-01,9619.47,4225.63,43.92788791898099,2015,9,5.411340562042155
2015-10-01,8297.1,2547.1200000000003,30.698918899374483,2015,10,-0.35141406328815794
2015-11-01,6722.14,2377.04,35.36135813892599,2015,11,0.9946003119018609
2015-12-01,6879.77,1905.39,27.69554796163244,2015,12,1.4009421169923097
2016-01-01,6770.54,939.0500000000001,13.869647029631317,2016,1,9.441971285493068
2016-02-01,6397.42,2328.25,36.39357741089377,2016,2,9.188318282594343
2016-03-01,6735.0,1995.78,29.632962138084633,2016,3,2.9643332161257474
2016-04-01,7813.99,2544.33,32.56121392528017,2016,4,6.4355882705488865
2016-05-01,10003.29,3802.51,38.012593856621166,2016,5,4.4363871590921145
2016-06-01,9893.630000000001,3863.46,39.04997457960324,2016,6,-0.24390440641187672
2016-07-01,11005.649,4198.72,38.150589756224285,2016,7,3.561135576633534
2016-08-01,10780.2,4453.17,41.30878833416819,2016,8,2.4805927413145135
2016-09-01,10220.1,4456.66,43.606814023346146,2016,9,6.243899092153726
2016-10-01,8678.57,2908.7,33.515890290681526,2016,10,4.597630497402694
2016-11-01,6935.26,2990.53,43.12066166228808,2016,11,3.170418943967257
2016-12-01,6903.01,1809.72,26.21638966190111,2016,12,0.33780199047350745
2017-01-01,7168.2,1030.76,14.379621104321865,2017,1,5.8733867608787405
2017-02-01,6352.5,1679.2,26.433687524596618,2017,2,-0.7021580574669173
2017-03-01,7619.83,1541.69,20.232603614516336,2017,3,13.137787676317746
2017-04-01,8841.98,2370.61,26.81085005847107,2017,4,13.155762932893445
2017-05-01,11022.06,3711.48,33.67319720632985,2017,5,10.184349349064137
2017-06-01,11458.23,3834.26,33.46293450210024,2017,6,15.814215813609355
2017-07-01,12496.64,4212.27,33.70722050087064,2017,7,13.547506376043783
2017-08-01,12754.283,4554.76,35.71161154256966,2017,8,18.312118513571175
2017-09-01,11489.02,4456.51,38.78929621499484,2017,9,12.415925480181222
2017-10-01,10017.29,2663.5299999999997,26.589327053524453,2017,10,15.425582786104176
2017-11-01,7370.219999999999,2381.23,32.30880489320536,2017,11,6.271718724316022
2017-12-01,7690.24,1473.45,19.160000208055926,2017,12,11.40415557850849
2018-01-01,7982.06,821.14,10.28731931356066,2018,1,11.353756870623034
2018-02-01,6948.87,1587.0,22.838245642816744,2018,2,9.387957497048394
2018-03-01,8740.91,1183.66,13.541610656098738,2018,3,14.712664193295645
2018-04-01,10999.59,1866.71,16.97072345423784,2018,4,24.40188736007094
2018-05-01,12098.98,2683.47,22.17930767717609,2018,5,9.770587349370263
2018-06-01,12913.76,4182.61,32.3887852956846,2018,6,12.702921829985957
2018-07-01,13751.81,4481.81,32.5906916980383,2018,7,10.044059843285869
2018-08-01,14017.49,5061.65,36.10953173499677,2018,8,9.904178855055989
2018-09-01,12552.06,4766.2,37.971456478060176,2018,9,9.252660366158283
2018-10-01,9573.789999999999,2614.0,27.303711487300227,2018,10,-4.427345120287041
2018-11-01,7545.63,2798.5699999999997,37.08861950559462,2018,11,2.379983229808613
2018-12-01,7720.646988,1628.4714370000002,21.09242191141611,2018,12,0.39539712674767635
2019-01-01,7763.58,763.51,9.834509337187225,2019,1,-2.7371380320368455
2019-02-01,6686.83,1886.58,28.213368666468263,2019,2,-3.7709728344320737
2019-03-01,7721.3099999999995,1950.12,25.256336036242555,2019,3,-11.66468937444729
2019-04-01,9717.38,2629.7799999999997,27.062644457662454,2019,4,-11.656889029500196
2019-05-01,12603.59,4284.07,33.99087085505003,2019,5,4.170682156677685
2019-06-01,13157.24,4331.61,32.92187419245982,2019,6,1.885430734348481
2019-07-01,14231.25,5321.3099999999995,37.391725955204215,2019,7,3.4863774295892824
2019-08-01,14051.550000000001,6069.7300000000005,43.19615985425095,2019,8,0.2429821601442228
2019-09-01,13621.0,5280.0,38.763673739079366,2019,9,8.516052345192747
2019-10-01,9572.04,2658.86,27.777359894024677,2019,10,-0.01827907234228654
2019-11-01,7437.43,3118.43,41.92886521284906,2019,11,-1.4339425601308298
2019-12-01,7556.86,2003.1599999999999,26.507835264911616,2019,12,-2.1214153199151653
2020-01-01,7792.97,1154.57,14.815532460666473,2020,1,0.3785624673153354
2020-02-01,7001.0,2524.0,36.051992572489645,2020,2,4.698339871059987
2020-03-01,6911.0,1656.0,23.961800028939372,2020,3,-10.494462727179709
2020-04-01,8392.0,2835.0,33.78217349857007,2020,4,-13.639273137409457
2020-05-01,12017.0,4948.0,41.17500208038612,2020,5,-4.65415012706697
2020-06-01,13288.0,5286.0,39.780252859723056,2020,6,0.9938254527545265
2020-07-01,14711.08,5849.639999999999,39.76349798927067,2020,7,3.3716644707949106
2020-08-01,14629.7,5859.76,40.05386303205124,2020,8,4.114492707210227
2020-09-01,13103.300347,5121.187229,39.08318586448715,2020,9,-3.80074629616034
2020-10-01,10243.994,3280.749,32.026073033623405,2020,10,7.019966485723006
2020-11-01,7479.401,3133.487,41.89489238509875,2020,11,0.5643212776456297
2020-12-01,7878.911,1960.948,24.88856645290193,2020,12,4.261703935232353
2021-01-01,8078.821878,1363.4162850000002,16.876424627120617,2021,1,3.668073635597202
2021-02-01,7281.0,2203.632,30.265512978986404,2021,2,3.9994286530495637
2021-03-01,8984.7968,1937.916,21.568835034755597,2021,3,30.007188540008677
2021-04-01,10480.9617,2909.088,27.755926252454486,2021,4,24.892298617731168
2021-05-01,13009.507117000001,3980.661079,30.59809294234002,2021,5,8.259192119497394
2021-06-01,14361.123653999999,4852.451495,33.788801015221736,2021,6,8.075885415412397
2021-07-01,15679.690896,5351.874868,34.13252788908805,2021,7,6.584226963621975
2021-08-01,16078.078,6235.313999999999,38.7814638043179,2021,8,9.900257694962988
2021-09-01,14026.987000000001,5395.111,38.46236543885012,2021,9,7.049267196347819
2021-10-01,11296.225271,2882.368282,25.516207519335687,2021,10,10.271689645659677
2021-11-01,8481.718,3096.633,36.50950196646481,2021,11,13.401033050641376
2021-12-01,8815.054,2118.818,24.036358710905233,2021,12,11.881629326692478
2022-01-01,8796.957,861.3340000000001,9.791272141036952,2022,1,8.889107011451802
2022-02-01,8087.907999999999,1795.62,22.201291112609095,2022,2,11.082378794121684
2022-03-01,10418.418,2147.57,20.61320634284399,2022,3,15.956078160832753
2022-04-01,12960.5,3063.0,23.63334747887813,2022,4,23.657545662055046
2022-05-01,14656.9,4538.1,30.962208925489023,2022,5,12.662992288518682
2022-06-01,13876.1,4342.099999999999,31.29193361247036,2022,6,-3.377337774435951
2022-07-01,14150.9,5606.799999999999,39.621508172625056,2022,7,-9.750134145756695
2022-08-01,14052.6,5850.9,41.63571154092481,2022,8,-12.59776199617889
2022-09-01,12877.9,4986.400000000001,38.72059885540345,2022,9,-8.191973087306636
2022-10-01,10705.0,3482.9,32.53526389537599,2022,10,-5.233830388614946
2022-11-01,8368.0,2791.0,33.35325047801147,2022,11,-1.3407425240971271
2022-12-01,8416.720000000001,2102.52,24.98027735269796,2022,12,-4.518792511083869
2023-01-01,8514.84,1261.14,14.811082768437222,2023,1,-3.2069839604763395
2023-02-01,7755.532,2326.737,30.00099799730051,2023,2,-4.109542294496915
2023-03-01,8741.32,2438.527,27.896553380953907,2023,3,-16.097434370554144
2023-04-01,10010.298,2402.127,23.99655834421712,2023,4,-22.763026117819518
2023-05-01,12283.68,4117.71,33.52179477159939,2023,5,-16.19182773983584
2023-06-01,13715.48,4902.44,35.74384564010884,2023,6,-1.1575298534891032
2023-07-01,14838.720000000001,6181.6900000000005,41.65918623708784,2023,7,4.860609572536023
2023-08-01,15959.276,6932.033,43.43576112099321,2023,8,13.56813685723639
2023-09-01,13339.215,5532.054999999999,41.472118111897885,2023,9,3.582222256734413
2023-10-01,9570.276,3410.044,35.63161605788589,2023,10,-10.599943951424573
2023-11-01,7546.717000000001,2979.16,39.47623847561793,2023,11,-9.81456739961758
2023-12-01,8416.808,2102.5480000000002,24.98034884483524,2023,12,0.0010455379292562128
2024-01-01,8313.732,1206.0720000000001,14.506986753963202,2024,1,-2.361852953197008
2024-02-01,7116.048,2064.826,29.01647094004987,2024,2,-8.245520745707713
2024-03-01,8023.26,2609.992,32.53031810012389,2024,3,-8.214548832441782
2024-04-01,8639.33,2525.92,29.237452441335147,2024,4,-13.695576295530865
2024-05-01,12616.951644,4533.527,35.93203119040186,2024,5,2.713125415185025
2024-06-01,13459.206711,5421.512211,40.28106802586725,2024,6,-1.8684966840387562
2024-07-01,14880.34,5950.09,39.98625031417293,2024,7,0.2804824135774542
2024-08-01,13178.880000000001,5904.89,44.80570427836052,2024,8,-17.421817881964063
2024-09-01,12486.6,5373.959999999999,43.03781653933015,2024,9,-6.391792920348005
2024-10-01,10262.369999999999,3526.7,34.36535615067475,2024,10,7.231703662464906
2024-11-01,8031.595,3079.3070000000002,38.339918783255385,2024,11,6.425018985076547
2024-12-01,7799.7,2216.79,28.4214777491442,2024,12,-7.331853120565435
2025-01-01,8153.29,1265.75,15.524407938390514,2025,1,-1.9298433002170379
2025-02-01,6933.87,2209.0,31.85811098275566,2025,2,-2.560100775036933
2025-03-01,8408.87,1698.59,20.199979307564508,2025,3,4.806151115631319
2025-04-01,10513.22,2937.1,27.937206678829128,2025,4,21.690223663177587
2025-05-01,12754.61,5426.21,42.54312754368812,2025,5,1.091058758757013
2025-06-01,13744.44,6072.95,44.184775807526535,2025,6,2.119242947408506
2025-07-01,14123.11,6400.29,45.31785137975984,2025,7,-5.088795014092417
2025-08-01,14218.340613,6169.085276000001,43.388222605664204,2025,8,7.887321327760777
2025-09-01,12592.03091,5266.801323,41.82646437769902,2025,9,0.8443524258004542
2025-10-01,9885.789999999999,3026.0699999999997,30.610300239029964,2025,10,-3.6695227320784563
2025-11-01,8050.208559,3449.7207909999997,42.85256420025627,2025,11,0.23175420324355045
2025-12-01,8487.043342,1866.91328,21.997216283333547,2025,12,8.81243306793853
2026-01-01,9140.246828,1129.763,12.36031172089481,2026,1,12.105013166464085
2026-02-01,7695.74,2215.74,28.791773110837944,2026,2,10.987659128307858
2026-03-01,8939.278884,2597.2141650000003,29.053956126691983,2026,3,6.307730812820256
2026-04-01,9498.87,2663.28,28.037861345612686,2026,4,-9.64832848546876
2026-05-01,12638.13,5052.41,39.97751249591514,2026,5,-0.9132384290856499
2026-06-01,13431.23,6074.51,45.22675882998058,2026,6,-2.2788123779506564
2026-07-01,15121.51,6853.32,45.32166430468914,2026,7,7.069264489195359
